latitude,longitude,create_time_incident,incident_type_id,datetime
38.9547612,-83.635821,2026-05-24T07:14:32.000,MVC - 29A1 INJURIES UNKNOWN,2026-05-24 07:14:32
38.9170163,-83.652585,2026-05-24T10:47:06.000,SICK - 26A8 PAIN,2026-05-24 10:47:06
38.6743070,-83.607035,2026-05-25T12:22:54.000,SICK - 26A1,2026-05-25 12:22:54
38.8114311,-83.643817,2026-05-25T19:44:27.000,SICK - 26D1 NOT ALERT,2026-05-25 19:44:27
38.9381112,-83.553698,2026-05-25T22:24:05.000,ABDOM - 1A1,2026-05-25 22:24:05
38.7925009,-83.720215,2026-05-26T05:52:02.000,ABDOM - 1A1,2026-05-26 05:52:02
38.9267060,-83.570388,2026-05-26T08:47:35.000,PERDWN - 32D1 UNKNOWN,2026-05-26 08:47:35
38.9220683,-83.634152,2026-05-26T11:59:43.000,FALL - 17B4,2026-05-26 11:59:43
38.6899413,-83.590128,2026-05-26T12:29:40.000,BURN - 7B1,2026-05-26 12:29:40
38.9528769,-83.627329,2026-05-26T14:17:59.000,=EMS - (C),2026-05-26 14:17:59
38.9666729,-83.650369,2026-05-26T20:20:13.000,BREATH - 6D2,2026-05-26 20:20:13
38.8638177,-83.459439,2026-05-27T00:46:56.000,SICK - 26A1,2026-05-27 00:46:56
38.8015288,-83.721413,2026-05-27T07:40:10.000,PERDWN - 32B2 MEDICAL ALARM,2026-05-27 07:40:10
38.8224459,-83.534883,2026-05-27T16:29:33.000,SICK - 26A1,2026-05-27 16:29:33
38.7725931,-83.549614,2026-05-27T17:34:48.000,MVC - 29B2 ENTRAPMENT,2026-05-27 17:34:48
38.9866578,-83.499554,2026-05-28T10:15:56.000,=EMS - (C),2026-05-28 10:15:56
38.9130691,-83.586697,2026-05-28T13:13:59.000,BURN - 7B1,2026-05-28 13:13:59
38.8046837,-83.513707,2026-05-28T15:00:38.000,CHESTPN - 10D4 CLAMMY,2026-05-28 15:00:38
38.9217076,-83.646240,2026-05-28T15:08:08.000,FAINT - 31D4 NOT ALERT,2026-05-28 15:08:08
38.7694324,-83.571656,2026-05-28T15:37:14.000,SICK - 26C2 ABNORMAL BREATH,2026-05-28 15:37:14
38.8798274,-83.447359,2026-05-28T17:28:57.000,ABDOM - 1A1,2026-05-28 17:28:57
38.7787542,-83.567761,2026-05-28T20:04:32.000,ABDOM - 1A1,2026-05-28 20:04:32
38.7835673,-83.564448,2026-05-29T12:55:06.000,BREATH - 6D2,2026-05-29 12:55:06
39.0080504,-83.675913,2026-05-29T13:30:13.000,SICK - 26A8 PAIN,2026-05-29 13:30:13
38.8046708,-83.572063,2026-05-29T13:55:46.000,=EMS1 - ALS1 RESPONSE,2026-05-29 13:55:46
38.8172580,-83.569825,2026-05-29T14:55:59.000,HEMORR - 21A1,2026-05-29 14:55:59
39.0183378,-83.368087,2026-05-29T23:53:00.000,FALL - 17B4,2026-05-29 23:53:00
38.6494642,-83.719418,2026-05-30T05:32:05.000,LIFT - 17A4,2026-05-30 05:32:05
38.9372898,-83.562343,2026-05-30T07:06:47.000,FALL - 17A2,2026-05-30 07:06:47
38.9225222,-83.474745,2026-05-30T12:10:28.000,HEMORR - 21A1,2026-05-30 12:10:28
38.8041268,-83.559983,2026-05-30T13:17:02.000,=EMS1 - ALS1 RESPONSE,2026-05-30 13:17:02
38.8030629,-83.550547,2026-05-30T13:56:36.000,ABDOM - 1A1,2026-05-30 13:56:36
38.9072152,-83.552712,2026-05-30T15:42:52.000,BREATH - 6D2,2026-05-30 15:42:52
38.7960710,-83.524537,2026-05-30T15:47:20.000,FALL - 17B4,2026-05-30 15:47:20
38.7847510,-83.559763,2026-05-30T16:20:59.000,FALL - 17B1,2026-05-30 16:20:59
38.6760526,-83.607103,2026-05-30T17:19:29.000,ABDOM - 1A1,2026-05-30 17:19:29
38.9703895,-83.435452,2026-05-30T17:54:16.000,HEMORR - 21A1,2026-05-30 17:54:16
38.8218956,-83.522848,2026-05-30T23:04:34.000,LIFT - 17A4,2026-05-30 23:04:34
38.9035097,-83.583521,2026-05-31T03:23:37.000,SICK - 26C2 ABNORMAL BREATH,2026-05-31 03:23:37
38.9636207,-83.424844,2026-05-31T10:52:58.000,SICK - 26A8 PAIN,2026-05-31 10:52:58
38.6664811,-83.357525,2026-05-31T19:17:10.000,SEIZ - 12D1 CONTINUOUS SEIZING,2026-05-31 19:17:10
38.8739490,-83.441766,2026-05-31T20:01:11.000,=EMS1 - ALS1 RESPONSE,2026-05-31 20:01:11
38.8631279,-83.453508,2026-05-31T20:13:43.000,MVC - 29A1 INJURIES UNKNOWN,2026-05-31 20:13:43
38.7217971,-83.676874,2026-05-31T22:47:09.000,FALL - 17B4,2026-05-31 22:47:09
38.9032954,-83.569606,2026-06-01T07:16:11.000,PERDWN - 32D1 UNKNOWN,2026-06-01 07:16:11
38.9349117,-83.643305,2026-06-01T18:20:27.000,BREATH - 6D2,2026-06-01 18:20:27
38.9665197,-83.418631,2026-06-01T18:22:41.000,SICK - 26A8 PAIN,2026-06-01 18:22:41
38.9594241,-83.620310,2026-06-02T11:28:28.000,=EMS1 - ALS1 RESPONSE,2026-06-02 11:28:28
38.7916933,-83.540901,2026-06-02T11:35:53.000,HEMORR - 21A1,2026-06-02 11:35:53
38.9566881,-83.667458,2026-06-02T15:12:26.000,ABDOM - 1A1,2026-06-02 15:12:26
38.9711463,-83.401111,2026-06-02T18:12:23.000,BURN - 7B1,2026-06-02 18:12:23
38.6962036,-83.610456,2026-06-02T20:46:57.000,CHESTPN - 10D4 CLAMMY,2026-06-02 20:46:57
38.6513161,-83.563502,2026-06-03T10:30:39.000,HEMORR - 21A1,2026-06-03 10:30:39
38.8142938,-83.566859,2026-06-03T12:52:48.000,SICK - 26C2 ABNORMAL BREATH,2026-06-03 12:52:48
38.6805543,-83.593343,2026-06-03T16:45:44.000,=EMS - (C),2026-06-03 16:45:44
38.9200379,-83.560085,2026-06-04T08:29:42.000,MVC - 29B2 ENTRAPMENT,2026-06-04 08:29:42
38.9793633,-83.507801,2026-06-04T11:24:54.000,=EMS1 - ALS1 RESPONSE,2026-06-04 11:24:54
38.6825344,-83.507439,2026-06-04T13:34:29.000,ABDOM - 1A1,2026-06-04 13:34:29
38.7805006,-83.658734,2026-06-04T15:38:57.000,CARDARR - 9E1 OBVIOUS DEATH,2026-06-04 15:38:57
38.7444748,-83.600488,2026-06-04T15:40:15.000,CARDARR - 9E1 OBVIOUS DEATH,2026-06-04 15:40:15
38.9487723,-83.384668,2026-06-04T16:46:57.000,=EMS1 - ALS1 RESPONSE,2026-06-04 16:46:57
38.7750683,-83.562863,2026-06-04T20:05:08.000,MVC - 29A1 INJURIES UNKNOWN,2026-06-04 20:05:08
38.9811410,-83.625210,2026-06-04T20:28:16.000,=EMS - (C),2026-06-04 20:28:16
38.8675468,-83.535359,2026-06-04T22:01:54.000,PERDWN - 32D1 UNKNOWN,2026-06-04 22:01:54
39.0283330,-83.660288,2026-06-05T06:41:02.000,SICK - 26A8 PAIN,2026-06-05 06:41:02
38.7291904,-83.610801,2026-06-05T07:01:59.000,ASSLTI - (C) =,2026-06-05 07:01:59
38.7244252,-83.436263,2026-06-05T09:37:44.000,CHESTPN - 10D4 CLAMMY,2026-06-05 09:37:44
38.8258945,-83.554702,2026-06-05T10:05:30.000,HEMORR - 21A1,2026-06-05 10:05:30
38.9686784,-83.421805,2026-06-05T10:20:13.000,MVC - 29A1 INJURIES UNKNOWN,2026-06-05 10:20:13
38.9582785,-83.650008,2026-06-05T15:41:17.000,=EMS1 - ALS1 RESPONSE,2026-06-05 15:41:17
39.0500000,-83.416892,2026-06-05T16:15:08.000,BREATH - 6D2,2026-06-05 16:15:08
38.7826357,-83.548652,2026-06-05T16:20:54.000,=EMS - (C),2026-06-05 16:20:54
38.9226141,-83.650252,2026-06-05T17:04:32.000,MVC - 29A1 INJURIES UNKNOWN,2026-06-05 17:04:32
38.9186720,-83.628742,2026-06-05T18:10:38.000,CHESTPN - 10D4 CLAMMY,2026-06-05 18:10:38
38.8128581,-83.554868,2026-06-05T20:38:51.000,MVC - 29A1 INJURIES UNKNOWN,2026-06-05 20:38:51
38.9241427,-83.554031,2026-06-05T22:40:57.000,=EMS1 - ALS1 RESPONSE,2026-06-05 22:40:57
38.7137710,-83.618024,2026-06-06T09:51:16.000,SICK - 26A8 PAIN,2026-06-06 09:51:16
38.6923254,-83.574802,2026-06-06T10:42:37.000,OD - 23B1 INEFFECTIVE BREATHING,2026-06-06 10:42:37
38.7992106,-83.561281,2026-06-06T15:12:05.000,SEIZ - 12D1 CONTINUOUS SEIZING,2026-06-06 15:12:05
38.6600129,-83.650282,2026-06-06T17:31:28.000,ASSLTI - (C) =,2026-06-06 17:31:28
38.9121090,-83.592417,2026-06-07T09:07:47.000,SEIZ - 12D1 CONTINUOUS SEIZING,2026-06-07 09:07:47
38.9070316,-83.593753,2026-06-07T11:37:48.000,LIFT - 17A4,2026-06-07 11:37:48
38.7390238,-83.566814,2026-06-07T12:19:00.000,CHESTPN - 10D4 CLAMMY,2026-06-07 12:19:00
38.8310778,-83.357276,2026-06-07T17:08:40.000,ABDOM - 1A1,2026-06-07 17:08:40
38.9101036,-83.556731,2026-06-08T05:31:04.000,CHESTPN - 10D4 CLAMMY,2026-06-08 05:31:04
38.7093488,-83.655039,2026-06-08T05:47:06.000,BURN - 7B1,2026-06-08 05:47:06
38.9367676,-83.568295,2026-06-08T06:15:07.000,=EMS - (C),2026-06-08 06:15:07
38.9090442,-83.529951,2026-06-08T06:15:11.000,SEIZ - 12D1 CONTINUOUS SEIZING,2026-06-08 06:15:11
38.8453419,-83.448657,2026-06-08T11:14:18.000,BREATH - 6D2,2026-06-08 11:14:18
38.9753019,-83.420177,2026-06-08T15:28:58.000,FAINT - 31D4 NOT ALERT,2026-06-08 15:28:58
38.8354166,-83.482439,2026-06-09T08:19:38.000,ASSLTI - (C) =,2026-06-09 08:19:38
38.7937953,-83.518432,2026-06-09T11:20:07.000,SICK - 26A8 PAIN,2026-06-09 11:20:07
38.9207265,-83.436108,2026-06-09T11:25:17.000,MVC - 29A1 INJURIES UNKNOWN,2026-06-09 11:25:17
38.9574300,-83.675698,2026-06-09T13:31:18.000,SICK - 26D1 NOT ALERT,2026-06-09 13:31:18
38.6980403,-83.486602,2026-06-09T14:41:28.000,HEMORR - 21A1,2026-06-09 14:41:28
38.6685270,-83.543054,2026-06-09T17:34:29.000,HEMORR - 21A1,2026-06-09 17:34:29
38.8377316,-83.459176,2026-06-09T18:38:16.000,ABDOM - 1A1,2026-06-09 18:38:16
38.7119080,-83.583136,2026-06-09T19:05:30.000,CARDARR - 9E1 OBVIOUS DEATH,2026-06-09 19:05:30
38.8677862,-83.406601,2026-06-09T22:48:43.000,FALL - 17B4,2026-06-09 22:48:43
39.0491417,-83.476297,2026-06-10T08:35:00.000,MVC - 29B2 ENTRAPMENT,2026-06-10 08:35:00
38.9771053,-83.336665,2026-06-10T11:56:44.000,ASSLTI - (C) =,2026-06-10 11:56:44
38.7834117,-83.533375,2026-06-10T22:41:53.000,MVC - 29A1 INJURIES UNKNOWN,2026-06-10 22:41:53
38.8849239,-83.432910,2026-06-11T07:58:29.000,SICK - 26D1 NOT ALERT,2026-06-11 07:58:29
38.7966333,-83.606821,2026-06-11T10:24:14.000,SEIZ - 12D1 CONTINUOUS SEIZING,2026-06-11 10:24:14
38.9203066,-83.594081,2026-06-11T12:35:48.000,ASSLTI - (C) =,2026-06-11 12:35:48
38.9166189,-83.658186,2026-06-11T14:16:21.000,BURN - 7B1,2026-06-11 14:16:21
38.7209449,-83.575751,2026-06-11T18:51:24.000,SEIZ - 12D1 CONTINUOUS SEIZING,2026-06-11 18:51:24
38.9529156,-83.578607,2026-06-11T18:53:37.000,SEIZ - 12D1 CONTINUOUS SEIZING,2026-06-11 18:53:37
38.8383272,-83.380753,2026-06-11T19:26:21.000,CHESTPN - 10D4 CLAMMY,2026-06-11 19:26:21
38.9410768,-83.645439,2026-06-11T20:24:20.000,FAINT - 31D4 NOT ALERT,2026-06-11 20:24:20
38.7627577,-83.704836,2026-06-11T22:08:32.000,MVC - 29B2 ENTRAPMENT,2026-06-11 22:08:32
38.7486363,-83.317087,2026-06-12T08:28:22.000,ASSLTI - (C) =,2026-06-12 08:28:22
38.8638166,-83.621622,2026-06-12T10:26:36.000,PERDWN - 32B2 MEDICAL ALARM,2026-06-12 10:26:36
38.7948925,-83.561468,2026-06-12T10:54:19.000,ABDOM - 1A1,2026-06-12 10:54:19
38.7111938,-83.618131,2026-06-12T12:18:44.000,ABDOM - 1A1,2026-06-12 12:18:44
38.8200589,-83.620566,2026-06-12T14:42:00.000,OD - 23B1 INEFFECTIVE BREATHING,2026-06-12 14:42:00
38.6815406,-83.542483,2026-06-12T16:15:31.000,BREATH - 6D2,2026-06-12 16:15:31
38.7835021,-83.553210,2026-06-12T17:57:01.000,FALL - 17B1,2026-06-12 17:57:01
39.0115653,-83.414673,2026-06-12T20:49:47.000,CHESTPN - 10D4 CLAMMY,2026-06-12 20:49:47
38.7598184,-83.450442,2026-06-13T06:18:20.000,PERDWN - 32D1 UNKNOWN,2026-06-13 06:18:20
38.7679019,-83.553808,2026-06-13T07:40:41.000,FALL - 17B1,2026-06-13 07:40:41
38.9356447,-83.627155,2026-06-13T08:14:55.000,OD - 23B1 INEFFECTIVE BREATHING,2026-06-13 08:14:55
38.9522902,-83.649611,2026-06-13T10:24:52.000,FAINT - 31D4 NOT ALERT,2026-06-13 10:24:52
38.7931872,-83.535330,2026-06-13T12:50:25.000,BURN - 7B1,2026-06-13 12:50:25
38.7304971,-83.378890,2026-06-13T15:58:17.000,SEIZ - 12D1 CONTINUOUS SEIZING,2026-06-13 15:58:17
38.7151879,-83.721552,2026-06-13T20:35:20.000,MVC - 29B2 ENTRAPMENT,2026-06-13 20:35:20
38.9658200,-83.539251,2026-06-13T22:18:47.000,SICK - 26D1 NOT ALERT,2026-06-13 22:18:47
38.8794280,-83.556568,2026-06-14T12:25:17.000,BURN - 7B1,2026-06-14 12:25:17
38.6783355,-83.545860,2026-06-14T14:06:15.000,BURN - 7B1,2026-06-14 14:06:15
38.6937401,-83.580498,2026-06-14T14:15:54.000,HEMORR - 21A1,2026-06-14 14:15:54
38.7402883,-83.439374,2026-06-14T19:39:26.000,FALL - 17A2,2026-06-14 19:39:26
38.6809714,-83.609707,2026-06-14T22:44:34.000,SICK - 26A1,2026-06-14 22:44:34
38.7763548,-83.572556,2026-06-15T00:50:50.000,=EMS1 - ALS1 RESPONSE,2026-06-15 00:50:50
38.6212193,-83.363717,2026-06-15T12:09:50.000,FALL - 17B1,2026-06-15 12:09:50
38.6672683,-83.360098,2026-06-15T23:34:16.000,FALL - 17B1,2026-06-15 23:34:16
38.7991525,-83.540517,2026-06-15T23:50:36.000,LIFT - 17A4,2026-06-15 23:50:36
38.9142930,-83.568494,2026-06-16T14:23:32.000,=EMS1 - ALS1 RESPONSE,2026-06-16 14:23:32
38.9588416,-83.601750,2026-06-16T19:55:42.000,SEIZ - 12D1 CONTINUOUS SEIZING,2026-06-16 19:55:42
38.9545292,-83.655046,2026-06-17T08:08:17.000,FAINT - 31D4 NOT ALERT,2026-06-17 08:08:17
38.6841234,-83.564974,2026-06-17T12:29:25.000,PERDWN - 32D1 UNKNOWN,2026-06-17 12:29:25
38.9902271,-83.563230,2026-06-17T15:29:32.000,HEMORR - 21A1,2026-06-17 15:29:32
38.9346952,-83.585621,2026-06-17T18:51:08.000,SICK - 26A1,2026-06-17 18:51:08
38.8049301,-83.350359,2026-06-17T20:35:46.000,MVC - 29A1 INJURIES UNKNOWN,2026-06-17 20:35:46
38.8463874,-83.424850,2026-06-17T22:43:59.000,=EMS1 - ALS1 RESPONSE,2026-06-17 22:43:59
38.9416255,-83.325154,2026-06-18T11:06:36.000,PERDWN - 32D1 UNKNOWN,2026-06-18 11:06:36
38.8384895,-83.489534,2026-06-18T11:11:17.000,FALL - 17B1,2026-06-18 11:11:17
38.7853630,-83.519216,2026-06-18T12:29:21.000,FAINT - 31D4 NOT ALERT,2026-06-18 12:29:21
38.7677394,-83.530933,2026-06-18T16:25:04.000,FALL - 17A2,2026-06-18 16:25:04
38.8668630,-83.386750,2026-06-18T20:23:07.000,OD - 23B1 INEFFECTIVE BREATHING,2026-06-18 20:23:07
38.9133752,-83.622155,2026-06-18T22:52:39.000,ASSLTI - (C) =,2026-06-18 22:52:39
38.7950397,-83.549177,2026-06-19T16:43:05.000,BREATH - 6D2,2026-06-19 16:43:05
38.9907073,-83.490908,2026-06-20T04:01:29.000,ABDOM - 1A1,2026-06-20 04:01:29
38.6435562,-83.658010,2026-06-20T11:14:25.000,FALL - 17A2,2026-06-20 11:14:25
38.9642720,-83.434175,2026-06-20T12:45:14.000,=EMS1 - ALS1 RESPONSE,2026-06-20 12:45:14
38.7296720,-83.624288,2026-06-20T13:40:26.000,FAINT - 31D4 NOT ALERT,2026-06-20 13:40:26
38.7010725,-83.621243,2026-06-20T18:48:16.000,FALL - 17B1,2026-06-20 18:48:16
38.8202554,-83.554737,2026-06-21T09:32:40.000,=EMS1 - ALS1 RESPONSE,2026-06-21 09:32:40
38.8106483,-83.562406,2026-06-21T13:25:33.000,=EMS - (C),2026-06-21 13:25:33
38.7955470,-83.530433,2026-06-21T18:41:04.000,=EMS - (C),2026-06-21 18:41:04
38.7373324,-83.624060,2026-06-21T22:41:52.000,FALL - 17B1,2026-06-21 22:41:52
38.7051778,-83.611406,2026-06-22T05:40:41.000,BREATH - 6D2,2026-06-22 05:40:41
38.8172176,-83.538799,2026-06-22T05:53:18.000,STROKE - 28A1,2026-06-22 05:53:18
38.9919202,-83.747567,2026-06-22T11:41:44.000,OD - 23B1 INEFFECTIVE BREATHING,2026-06-22 11:41:44
38.9377360,-83.731540,2026-06-22T13:37:35.000,ABDOM - 1A1,2026-06-22 13:37:35
38.6962262,-83.614298,2026-06-22T15:10:23.000,FAINT - 31D4 NOT ALERT,2026-06-22 15:10:23
38.8407497,-83.503660,2026-06-22T17:20:38.000,CARDARR - 9E1 OBVIOUS DEATH,2026-06-22 17:20:38
38.9054514,-83.577695,2026-06-22T17:50:17.000,SICK - 26C2 ABNORMAL BREATH,2026-06-22 17:50:17
38.8413605,-83.608633,2026-06-22T18:42:58.000,PERDWN - 32D1 UNKNOWN,2026-06-22 18:42:58
38.9916292,-83.530063,2026-06-22T23:05:32.000,STROKE - 28A1,2026-06-22 23:05:32
38.8160072,-83.522679,2026-06-23T06:54:50.000,SICK - 26C2 ABNORMAL BREATH,2026-06-23 06:54:50
38.9450724,-83.671745,2026-06-23T08:16:03.000,STROKE - 28A1,2026-06-23 08:16:03
38.9379705,-83.381672,2026-06-23T11:51:50.000,MVC - 29B2 ENTRAPMENT,2026-06-23 11:51:50
38.6832203,-83.574601,2026-06-23T12:11:13.000,FALL - 17B1,2026-06-23 12:11:13
38.7296761,-83.585587,2026-06-23T14:18:49.000,FAINT - 31D4 NOT ALERT,2026-06-23 14:18:49
38.9210552,-83.667049,2026-06-23T17:56:49.000,ASSLTI - (C) =,2026-06-23 17:56:49
38.7905515,-83.535118,2026-06-23T18:51:57.000,LIFT - 17A4,2026-06-23 18:51:57
38.7868751,-83.574100,2026-06-23T19:05:58.000,SICK - 26C2 ABNORMAL BREATH,2026-06-23 19:05:58
38.7373003,-83.342612,2026-06-23T20:18:05.000,FALL - 17B1,2026-06-23 20:18:05
38.9570342,-83.644699,2026-06-23T22:39:18.000,LIFT - 17A4,2026-06-23 22:39:18
38.7860174,-83.566937,2026-06-24T10:20:59.000,SICK - 26C2 ABNORMAL BREATH,2026-06-24 10:20:59
38.8974287,-83.472236,2026-06-24T11:53:30.000,SICK - 26A8 PAIN,2026-06-24 11:53:30
38.9015542,-83.519569,2026-06-24T21:01:16.000,MVC - 29A1 INJURIES UNKNOWN,2026-06-24 21:01:16
38.7699608,-83.544136,2026-06-25T13:42:42.000,STROKE - 28A1,2026-06-25 13:42:42
39.0431353,-83.385283,2026-06-25T13:50:39.000,SICK - 26A8 PAIN,2026-06-25 13:50:39
38.8181939,-83.468731,2026-06-25T17:36:15.000,ABDOM - 1A1,2026-06-25 17:36:15
39.0008899,-83.607982,2026-06-26T03:12:02.000,CHESTPN - 10D4 CLAMMY,2026-06-26 03:12:02
38.9811561,-83.459833,2026-06-26T15:52:34.000,=EMS - (C),2026-06-26 15:52:34
38.9155860,-83.631329,2026-06-26T17:44:30.000,MVC - 29B2 ENTRAPMENT,2026-06-26 17:44:30
38.8147105,-83.565195,2026-06-26T18:21:08.000,=EMS - (C),2026-06-26 18:21:08
38.8336051,-83.640821,2026-06-26T18:22:50.000,ABDOM - 1A1,2026-06-26 18:22:50
38.6881733,-83.575798,2026-06-27T04:55:58.000,SICK - 26C2 ABNORMAL BREATH,2026-06-27 04:55:58
38.7124646,-83.577433,2026-06-27T06:40:25.000,FALL - 17B1,2026-06-27 06:40:25
38.9258987,-83.411865,2026-06-27T12:18:19.000,MVC - 29B2 ENTRAPMENT,2026-06-27 12:18:19
38.9445285,-83.658627,2026-06-27T18:05:27.000,SICK - 26D1 NOT ALERT,2026-06-27 18:05:27
38.9713586,-83.407343,2026-06-27T22:21:11.000,SICK - 26D1 NOT ALERT,2026-06-27 22:21:11
38.6884214,-83.576969,2026-06-28T06:08:33.000,SICK - 26A8 PAIN,2026-06-28 06:08:33
38.8301107,-83.481756,2026-06-28T09:39:18.000,SICK - 26D1 NOT ALERT,2026-06-28 09:39:18
38.9687294,-83.655579,2026-06-28T12:36:02.000,=EMS - (C),2026-06-28 12:36:02
38.9895630,-83.325575,2026-06-28T14:57:45.000,CARDARR - 9E1 OBVIOUS DEATH,2026-06-28 14:57:45
38.6874066,-83.618983,2026-06-28T18:31:33.000,MVC - 29B2 ENTRAPMENT,2026-06-28 18:31:33
38.6997444,-83.575619,2026-06-29T10:31:01.000,FALL - 17B1,2026-06-29 10:31:01
38.8951114,-83.668117,2026-06-29T12:56:53.000,FALL - 17B1,2026-06-29 12:56:53
38.7703499,-83.547750,2026-06-29T13:36:04.000,STROKE - 28A1,2026-06-29 13:36:04
38.7148322,-83.603058,2026-06-29T16:05:04.000,=EMS - (C),2026-06-29 16:05:04
38.7793545,-83.516592,2026-06-29T18:44:40.000,FALL - 17B1,2026-06-29 18:44:40
38.9112720,-83.567931,2026-06-30T07:41:10.000,FAINT - 31D4 NOT ALERT,2026-06-30 07:41:10
38.6924614,-83.578146,2026-06-30T08:10:10.000,CHESTPN - 10D4 CLAMMY,2026-06-30 08:10:10
38.9193102,-83.659731,2026-06-30T20:16:12.000,OD - 23B1 INEFFECTIVE BREATHING,2026-06-30 20:16:12
38.9215492,-83.656434,2026-07-01T13:29:04.000,CARDARR - 9E1 OBVIOUS DEATH,2026-07-01 13:29:04
38.7006767,-83.586319,2026-07-01T14:40:34.000,BURN - 7B1,2026-07-01 14:40:34
38.8697466,-83.431378,2026-07-01T16:20:55.000,FALL - 17B1,2026-07-01 16:20:55
38.8132129,-83.517354,2026-07-01T22:49:36.000,SICK - 26A8 PAIN,2026-07-01 22:49:36
38.8177498,-83.550612,2026-07-02T14:09:06.000,FALL - 17B4,2026-07-02 14:09:06
38.7962267,-83.517699,2026-07-02T14:19:31.000,FALL - 17A2,2026-07-02 14:19:31
38.7222710,-83.594249,2026-07-02T16:03:03.000,CHESTPN - 10D4 CLAMMY,2026-07-02 16:03:03
38.7663422,-83.340867,2026-07-02T19:59:36.000,MVC - 29B2 ENTRAPMENT,2026-07-02 19:59:36
38.7724937,-83.574564,2026-07-03T08:43:15.000,CARDARR - 9E1 OBVIOUS DEATH,2026-07-03 08:43:15
38.8025887,-83.547404,2026-07-03T13:26:44.000,=EMS1 - ALS1 RESPONSE,2026-07-03 13:26:44
38.9096560,-83.569252,2026-07-03T13:50:21.000,PERDWN - 32B2 MEDICAL ALARM,2026-07-03 13:50:21
38.6816697,-83.650757,2026-07-03T14:01:23.000,=EMS1 - ALS1 RESPONSE,2026-07-03 14:01:23
38.7943246,-83.548281,2026-07-03T15:02:02.000,FAINT - 31D4 NOT ALERT,2026-07-03 15:02:02
38.8067239,-83.568571,2026-07-03T15:48:35.000,SICK - 26A1,2026-07-03 15:48:35
38.9619661,-83.546663,2026-07-03T16:46:03.000,PERDWN - 32B2 MEDICAL ALARM,2026-07-03 16:46:03
38.7036404,-83.592076,2026-07-03T18:19:37.000,CHESTPN - 10D4 CLAMMY,2026-07-03 18:19:37
38.7569679,-83.573170,2026-07-03T20:08:20.000,FAINT - 31D4 NOT ALERT,2026-07-03 20:08:20
38.9403355,-83.547077,2026-07-03T20:40:01.000,ABDOM - 1A1,2026-07-03 20:40:01
38.7829737,-83.516354,2026-07-04T00:36:38.000,OD - 23B1 INEFFECTIVE BREATHING,2026-07-04 00:36:38
38.9717602,-83.567950,2026-07-04T08:39:47.000,HEMORR - 21A1,2026-07-04 08:39:47
38.7125715,-83.626352,2026-07-04T10:06:26.000,OD - 23B1 INEFFECTIVE BREATHING,2026-07-04 10:06:26
38.9706096,-83.628797,2026-07-04T11:07:36.000,=EMS - (C),2026-07-04 11:07:36
38.9126451,-83.657673,2026-07-04T12:46:29.000,CHESTPN - 10D4 CLAMMY,2026-07-04 12:46:29
39.0444986,-83.623973,2026-07-04T14:15:17.000,CHESTPN - 10D4 CLAMMY,2026-07-04 14:15:17
38.8212489,-83.663235,2026-07-04T15:56:08.000,SICK - 26A1,2026-07-04 15:56:08
38.7365871,-83.497092,2026-07-04T18:13:12.000,BREATH - 6D2,2026-07-04 18:13:12
38.9495293,-83.382431,2026-07-04T18:44:45.000,=EMS1 - ALS1 RESPONSE,2026-07-04 18:44:45
38.7909731,-83.525444,2026-07-04T18:54:59.000,SICK - 26C2 ABNORMAL BREATH,2026-07-04 18:54:59
38.6924818,-83.608057,2026-07-04T19:18:02.000,BREATH - 6D2,2026-07-04 19:18:02
38.9171676,-83.643452,2026-07-04T22:20:18.000,OD - 23B1 INEFFECTIVE BREATHING,2026-07-04 22:20:18
38.9403420,-83.638868,2026-07-04T23:10:26.000,=EMS - (C),2026-07-04 23:10:26
38.9736279,-83.382938,2026-07-04T23:25:50.000,SICK - 26C2 ABNORMAL BREATH,2026-07-04 23:25:50
38.7018512,-83.580893,2026-07-05T05:07:29.000,ASSLTI - (C) =,2026-07-05 05:07:29
38.7806587,-83.434127,2026-07-05T14:29:47.000,SEIZ - 12D1 CONTINUOUS SEIZING,2026-07-05 14:29:47
38.9163098,-83.415486,2026-07-05T17:11:08.000,MVC - 29B2 ENTRAPMENT,2026-07-05 17:11:08
38.9166932,-83.583827,2026-07-05T18:21:19.000,LIFT - 17A4,2026-07-05 18:21:19
38.9338526,-83.664649,2026-07-05T18:44:07.000,FALL - 17B1,2026-07-05 18:44:07
38.9475996,-83.443846,2026-07-05T18:51:42.000,FAINT - 31D4 NOT ALERT,2026-07-05 18:51:42
38.9205862,-83.404650,2026-07-05T20:05:33.000,SICK - 26C2 ABNORMAL BREATH,2026-07-05 20:05:33
38.9713714,-83.654951,2026-07-06T08:41:46.000,PERDWN - 32B2 MEDICAL ALARM,2026-07-06 08:41:46
38.7775874,-83.497608,2026-07-06T10:00:47.000,OD - 23B1 INEFFECTIVE BREATHING,2026-07-06 10:00:47
38.6771856,-83.362871,2026-07-06T12:43:42.000,SICK - 26A1,2026-07-06 12:43:42
38.8143149,-83.532303,2026-07-06T15:29:36.000,PERDWN - 32B2 MEDICAL ALARM,2026-07-06 15:29:36
38.9426290,-83.435162,2026-07-06T17:45:37.000,FALL - 17B1,2026-07-06 17:45:37
38.7678041,-83.551168,2026-07-06T23:59:57.000,=EMS - (C),2026-07-06 23:59:57
38.9437160,-83.628498,2026-07-07T01:19:29.000,LIFT - 17A4,2026-07-07 01:19:29
38.6442709,-83.523247,2026-07-07T10:13:48.000,CHESTPN - 10D4 CLAMMY,2026-07-07 10:13:48
38.6267277,-83.657263,2026-07-07T13:49:59.000,SICK - 26A1,2026-07-07 13:49:59
38.8118294,-83.573767,2026-07-07T14:09:17.000,BURN - 7B1,2026-07-07 14:09:17
38.9264840,-83.675246,2026-07-07T16:28:38.000,MVC - 29B2 ENTRAPMENT,2026-07-07 16:28:38
38.8063203,-83.539525,2026-07-08T07:46:53.000,SICK - 26D1 NOT ALERT,2026-07-08 07:46:53
38.8468637,-83.437732,2026-07-08T09:48:37.000,CARDARR - 9E1 OBVIOUS DEATH,2026-07-08 09:48:37
38.8111650,-83.547289,2026-07-08T11:26:26.000,LIFT - 17A4,2026-07-08 11:26:26
39.0133387,-83.496926,2026-07-08T11:45:09.000,MVC - 29A1 INJURIES UNKNOWN,2026-07-08 11:45:09
38.8538540,-83.486449,2026-07-08T11:58:00.000,=EMS - (C),2026-07-08 11:58:00
38.9451127,-83.594892,2026-07-08T13:17:03.000,BURN - 7B1,2026-07-08 13:17:03
39.0248822,-83.447896,2026-07-08T13:31:03.000,STROKE - 28A1,2026-07-08 13:31:03
39.0414304,-83.635401,2026-07-08T14:15:44.000,=EMS - (C),2026-07-08 14:15:44
38.8311094,-83.444366,2026-07-08T15:08:24.000,PERDWN - 32D1 UNKNOWN,2026-07-08 15:08:24
38.7384858,-83.441358,2026-07-09T13:36:55.000,ABDOM - 1A1,2026-07-09 13:36:55
38.7128711,-83.680429,2026-07-09T14:46:50.000,OD - 23B1 INEFFECTIVE BREATHING,2026-07-09 14:46:50
38.8238905,-83.537198,2026-07-09T17:43:21.000,SEIZ - 12D1 CONTINUOUS SEIZING,2026-07-09 17:43:21
38.8126495,-83.606725,2026-07-09T18:18:09.000,OD - 23B1 INEFFECTIVE BREATHING,2026-07-09 18:18:09
38.7577003,-83.658593,2026-07-09T19:46:30.000,CARDARR - 9E1 OBVIOUS DEATH,2026-07-09 19:46:30
38.8226113,-83.535607,2026-07-09T23:03:33.000,=EMS - (C),2026-07-09 23:03:33
38.9789549,-83.304363,2026-07-10T08:13:32.000,SEIZ - 12D1 CONTINUOUS SEIZING,2026-07-10 08:13:32
38.9020036,-83.562068,2026-07-10T17:01:00.000,OD - 23B1 INEFFECTIVE BREATHING,2026-07-10 17:01:00
38.9170395,-83.581586,2026-07-11T08:12:39.000,PERDWN - 32D1 UNKNOWN,2026-07-11 08:12:39
38.9309792,-83.425122,2026-07-11T14:40:00.000,CARDARR - 9E1 OBVIOUS DEATH,2026-07-11 14:40:00
39.0152355,-83.646605,2026-07-11T16:54:06.000,ASSLTI - (C) =,2026-07-11 16:54:06
38.6602052,-83.579331,2026-07-11T17:54:41.000,OD - 23B1 INEFFECTIVE BREATHING,2026-07-11 17:54:41
38.8980404,-83.449865,2026-07-11T20:30:17.000,ABDOM - 1A1,2026-07-11 20:30:17
38.7838985,-83.526016,2026-07-11T22:29:36.000,SICK - 26D1 NOT ALERT,2026-07-11 22:29:36
38.7873373,-83.346563,2026-07-12T08:15:36.000,CARDARR - 9E1 OBVIOUS DEATH,2026-07-12 08:15:36
38.9729880,-83.332006,2026-07-12T09:09:48.000,CHESTPN - 10D4 CLAMMY,2026-07-12 09:09:48
38.9164035,-83.714708,2026-07-12T13:47:08.000,=EMS1 - ALS1 RESPONSE,2026-07-12 13:47:08
38.9403827,-83.436924,2026-07-13T08:11:27.000,PERDWN - 32D1 UNKNOWN,2026-07-13 08:11:27
38.7887044,-83.529370,2026-07-13T12:24:27.000,CHESTPN - 10D4 CLAMMY,2026-07-13 12:24:27
38.7925842,-83.530019,2026-07-13T13:23:06.000,SICK - 26A1,2026-07-13 13:23:06
38.8467025,-83.513564,2026-07-13T19:45:04.000,=EMS1 - ALS1 RESPONSE,2026-07-13 19:45:04
38.7187129,-83.607567,2026-07-13T22:25:49.000,LIFT - 17A4,2026-07-13 22:25:49
38.7954874,-83.571904,2026-07-14T09:24:10.000,MVC - 29A1 INJURIES UNKNOWN,2026-07-14 09:24:10
38.7752837,-83.325100,2026-07-14T11:19:30.000,=EMS1 - ALS1 RESPONSE,2026-07-14 11:19:30
38.8776638,-83.475335,2026-07-14T13:49:05.000,STROKE - 28A1,2026-07-14 13:49:05
38.7490179,-83.437982,2026-07-14T17:38:39.000,CARDARR - 9E1 OBVIOUS DEATH,2026-07-14 17:38:39
38.9564097,-83.553222,2026-07-15T06:38:30.000,MVC - 29A1 INJURIES UNKNOWN,2026-07-15 06:38:30
38.7766956,-83.529643,2026-07-15T12:59:36.000,SICK - 26A8 PAIN,2026-07-15 12:59:36
38.8537292,-83.435036,2026-07-15T15:50:23.000,SICK - 26A1,2026-07-15 15:50:23
38.9214775,-83.451907,2026-07-15T16:44:12.000,=EMS1 - ALS1 RESPONSE,2026-07-15 16:44:12
38.6809486,-83.609212,2026-07-15T17:08:40.000,PERDWN - 32B2 MEDICAL ALARM,2026-07-15 17:08:40
38.7601311,-83.623865,2026-07-15T17:31:36.000,PERDWN - 32B2 MEDICAL ALARM,2026-07-15 17:31:36
38.6743578,-83.575584,2026-07-15T18:42:42.000,BURN - 7B1,2026-07-15 18:42:42
38.8157769,-83.571550,2026-07-15T22:29:45.000,MVC - 29A1 INJURIES UNKNOWN,2026-07-15 22:29:45
38.8104387,-83.553653,2026-07-16T06:02:51.000,FALL - 17B4,2026-07-16 06:02:51
38.9142619,-83.582953,2026-07-16T10:47:33.000,MVC - 29B2 ENTRAPMENT,2026-07-16 10:47:33
38.9421900,-83.396694,2026-07-16T14:13:33.000,CARDARR - 9E1 OBVIOUS DEATH,2026-07-16 14:13:33
38.9173738,-83.432227,2026-07-16T18:37:44.000,MVC - 29A1 INJURIES UNKNOWN,2026-07-16 18:37:44
38.9339648,-83.593252,2026-07-16T21:05:07.000,CARDARR - 9E1 OBVIOUS DEATH,2026-07-16 21:05:07
38.9697550,-83.659096,2026-07-17T09:07:16.000,PERDWN - 32B2 MEDICAL ALARM,2026-07-17 09:07:16
38.9241720,-83.415477,2026-07-17T09:44:09.000,FALL - 17B4,2026-07-17 09:44:09
38.8333066,-83.345846,2026-07-17T13:53:28.000,CHESTPN - 10D4 CLAMMY,2026-07-17 13:53:28
38.6749167,-83.613058,2026-07-17T14:08:11.000,SICK - 26A8 PAIN,2026-07-17 14:08:11
38.7108842,-83.610052,2026-07-17T14:12:52.000,SEIZ - 12D1 CONTINUOUS SEIZING,2026-07-17 14:12:52
39.0201988,-83.672044,2026-07-17T14:34:44.000,FALL - 17B4,2026-07-17 14:34:44
38.7087418,-83.585776,2026-07-17T16:37:07.000,ASSLTI - (C) =,2026-07-17 16:37:07
38.8851750,-83.620830,2026-07-17T18:51:50.000,CARDARR - 9E1 OBVIOUS DEATH,2026-07-17 18:51:50
38.9161670,-83.425612,2026-07-17T18:56:12.000,BREATH - 6D2,2026-07-17 18:56:12
38.9197911,-83.591086,2026-07-17T19:58:39.000,SICK - 26A1,2026-07-17 19:58:39
38.9071450,-83.555596,2026-07-18T03:46:28.000,=EMS - (C),2026-07-18 03:46:28
38.9649037,-83.412156,2026-07-18T10:55:02.000,SICK - 26A1,2026-07-18 10:55:02
38.8253536,-83.543177,2026-07-18T15:36:07.000,=EMS - (C),2026-07-18 15:36:07
38.9606118,-83.629574,2026-07-18T16:27:10.000,ABDOM - 1A1,2026-07-18 16:27:10
38.8728073,-83.592216,2026-07-18T19:15:13.000,ASSLTI - (C) =,2026-07-18 19:15:13
38.7880443,-83.518685,2026-07-19T07:32:47.000,CARDARR - 9E1 OBVIOUS DEATH,2026-07-19 07:32:47
38.9163310,-83.630224,2026-07-19T08:40:17.000,=EMS - (C),2026-07-19 08:40:17
38.9474336,-83.445694,2026-07-19T10:45:20.000,SEIZ - 12D1 CONTINUOUS SEIZING,2026-07-19 10:45:20
38.9120987,-83.707149,2026-07-19T11:54:32.000,=EMS - (C),2026-07-19 11:54:32
38.9928305,-83.692900,2026-07-19T19:58:03.000,FALL - 17B1,2026-07-19 19:58:03
38.8254103,-83.550032,2026-07-20T00:59:54.000,ASSLTI - (C) =,2026-07-20 00:59:54
38.9887433,-83.571794,2026-07-20T08:14:33.000,MVC - 29A1 INJURIES UNKNOWN,2026-07-20 08:14:33
38.6911758,-83.571646,2026-07-20T10:23:42.000,CHESTPN - 10D4 CLAMMY,2026-07-20 10:23:42
38.6746046,-83.628626,2026-07-20T16:31:50.000,MVC - 29B2 ENTRAPMENT,2026-07-20 16:31:50
38.8693296,-83.640932,2026-07-20T17:30:04.000,PERDWN - 32D1 UNKNOWN,2026-07-20 17:30:04
38.8487441,-83.477279,2026-07-20T18:48:14.000,SICK - 26D1 NOT ALERT,2026-07-20 18:48:14
38.9438579,-83.690084,2026-07-20T20:08:24.000,BURN - 7B1,2026-07-20 20:08:24
38.7242957,-83.629000,2026-07-20T21:56:41.000,PERDWN - 32D1 UNKNOWN,2026-07-20 21:56:41
38.9329156,-83.405661,2026-07-20T22:52:13.000,FALL - 17B1,2026-07-20 22:52:13
38.6802057,-83.694579,2026-07-21T14:13:05.000,=EMS1 - ALS1 RESPONSE,2026-07-21 14:13:05
38.8271824,-83.465197,2026-07-21T17:28:22.000,BURN - 7B1,2026-07-21 17:28:22
38.9585382,-83.636471,2026-07-22T06:35:38.000,BURN - 7B1,2026-07-22 06:35:38
38.9475972,-83.379838,2026-07-22T14:07:15.000,PERDWN - 32D1 UNKNOWN,2026-07-22 14:07:15
38.9158202,-83.612819,2026-07-22T20:13:33.000,LIFT - 17A4,2026-07-22 20:13:33
38.8644036,-83.585564,2026-07-22T21:08:24.000,BURN - 7B1,2026-07-22 21:08:24
